question_bank_uuid,academic_context_type,type,subject,grade_level,course,topic,subtopic,difficulty,question_text,option_a,option_b,option_c,option_d,option_e,correct_answer,score,explanation,olympiad_subject,olympiad_level,skill_codes,mi_logical,mi_linguistic,mi_visual,mi_kinesthetic,mi_interpersonal,mi_intrapersonal,mi_musical,mi_naturalist
__BANK_UUID__,standalone,single_choice,"OSN Physics",,,"Topic 1","Subtopic 1",easy,"Which number is 2?",2,2+1,2+2,2+3,,A,5,"Explanation 1",Physics,Regional,PHY-01,71,10,5,0,0,0,0,0
__BANK_UUID__,standalone,single_choice,"OSN Physics",,,"Topic 2","Subtopic 2",easy,"Which number is 4?",4,4+1,4+2,4+3,,A,5,"Explanation 2",Physics,Regional,PHY-02,72,10,5,0,0,0,0,0
__BANK_UUID__,standalone,single_choice,"OSN Physics",,,"Topic 3","Subtopic 3",easy,"Which number is 6?",6,6+1,6+2,6+3,,A,5,"Explanation 3",Physics,Regional,PHY-03,73,10,5,0,0,0,0,0
__BANK_UUID__,standalone,single_choice,"OSN Physics",,,"Topic 4","Subtopic 4",easy,"Which number is 8?",8,8+1,8+2,8+3,,A,5,"Explanation 4",Physics,Regional,PHY-04,74,10,5,0,0,0,0,0
__BANK_UUID__,standalone,single_choice,"OSN Physics",,,"Topic 5","Subtopic 5",easy,"Which number is 10?",10,10+1,10+2,10+3,,A,5,"Explanation 5",Physics,Regional,PHY-05,75,10,5,0,0,0,0,0
__BANK_UUID__,standalone,single_choice,"OSN Physics",,,"Topic 6","Subtopic 6",easy,"Which number is 12?",12,12+1,12+2,12+3,,A,5,"Explanation 6",Physics,Regional,PHY-06,76,10,5,0,0,0,0,0
__BANK_UUID__,standalone,single_choice,"OSN Physics",,,"Topic 7","Subtopic 7",easy,"Which number is 14?",14,14+1,14+2,14+3,,A,5,"Explanation 7",Physics,Regional,PHY-07,77,10,5,0,0,0,0,0
__BANK_UUID__,standalone,single_choice,"OSN Physics",,,"Topic 8","Subtopic 8",easy,"Which number is 16?",16,16+1,16+2,16+3,,A,5,"Explanation 8",Physics,Regional,PHY-08,78,10,5,0,0,0,0,0
__BANK_UUID__,standalone,single_choice,"OSN Physics",,,"Topic 9","Subtopic 9",easy,"Which number is 18?",18,18+1,18+2,18+3,,A,5,"Explanation 9",Physics,Regional,PHY-09,79,10,5,0,0,0,0,0
__BANK_UUID__,standalone,single_choice,"OSN Physics",,,"Topic 10","Subtopic 10",easy,"Which number is 20?",20,20+1,20+2,20+3,,A,5,"Explanation 10",Physics,Regional,PHY-10,80,10,5,0,0,0,0,0
__BANK_UUID__,standalone,single_choice,"OSN Physics",,,"Topic 11","Subtopic 11",easy,"Which number is 22?",22,22+1,22+2,22+3,,A,5,"Explanation 11",Physics,Regional,PHY-11,81,10,5,0,0,0,0,0
__BANK_UUID__,standalone,single_choice,"OSN Physics",,,"Topic 12","Subtopic 12",easy,"Which number is 24?",24,24+1,24+2,24+3,,A,5,"Explanation 12",Physics,Regional,PHY-12,82,10,5,0,0,0,0,0
__BANK_UUID__,standalone,single_choice,"OSN Physics",,,"Topic 13","Subtopic 13",easy,"Which number is 26?",26,26+1,26+2,26+3,,A,5,"Explanation 13",Physics,Regional,PHY-13,83,10,5,0,0,0,0,0
__BANK_UUID__,standalone,single_choice,"OSN Physics",,,"Topic 14","Subtopic 14",easy,"Which number is 28?",28,28+1,28+2,28+3,,A,5,"Explanation 14",Physics,Regional,PHY-14,84,10,5,0,0,0,0,0
__BANK_UUID__,standalone,single_choice,"OSN Physics",,,"Topic 15","Subtopic 15",easy,"Which number is 30?",30,30+1,30+2,30+3,,A,5,"Explanation 15",Physics,Regional,PHY-15,85,10,5,0,0,0,0,0
__BANK_UUID__,standalone,single_choice,"OSN Physics",,,"Topic 16","Subtopic 16",easy,"Which number is 32?",32,32+1,32+2,32+3,,A,5,"Explanation 16",Physics,Regional,PHY-16,86,10,5,0,0,0,0,0
__BANK_UUID__,standalone,single_choice,"OSN Physics",,,"Topic 17","Subtopic 17",easy,"Which number is 34?",34,34+1,34+2,34+3,,A,5,"Explanation 17",Physics,Regional,PHY-17,87,10,5,0,0,0,0,0
__BANK_UUID__,standalone,single_choice,"OSN Physics",,,"Topic 18","Subtopic 18",easy,"Which number is 36?",36,36+1,36+2,36+3,,A,5,"Explanation 18",Physics,Regional,PHY-18,88,10,5,0,0,0,0,0
__BANK_UUID__,standalone,single_choice,"OSN Physics",,,"Topic 19","Subtopic 19",easy,"Which number is 38?",38,38+1,38+2,38+3,,A,5,"Explanation 19",Physics,Regional,PHY-19,89,10,5,0,0,0,0,0
__BANK_UUID__,standalone,single_choice,"OSN Physics",,,"Topic 20","Subtopic 20",easy,"Which number is 40?",40,40+1,40+2,40+3,,A,5,"Explanation 20",Physics,Regional,PHY-20,70,10,5,0,0,0,0,0
